Job Title,Company,Location,Minimum Salary (Rupees),Maximum Salary (Rupees),Date Posted
Content Creator,Contra,World Wide,70000,80000,2025-04-29 16:57:17
Social Media Video Editor,Contra,World Wide,70000,80000,2025-04-29 16:55:28
Itinerary Creator Turn Your Travels Into ome,Worldee,World Wide,10000,10000,2025-04-29 14:44:28
Freight Broker,Givens Transportation Solutions,World Wide,10000,81250,2025-04-29 13:47:19
Research Scientist Statistical Genetics,Deep Genomics,North America,65000,97500,2025-04-29 11:00:01
QA Automation Engineer,Kodify Media Group,World Wide,60000,70000,2025-04-29 10:36:20
Member of Product Atlas Settlement,Anchorage Digital,United States,60000,85000,2025-04-29 10:00:04
Senior Software Engineer Full Stack,Cyngn,"Menlo Park, CA",65000,97500,2025-04-28 18:00:03
Sales Operations,Anchorage Digital,United States,55000,80000,2025-04-28 10:00:03
Product Engineer Frontend,Quash,World Wide,67500,120000,2025-04-28 03:00:16
Head of Operations Japan,Xsolla,Tokyo,60000,81250,2025-04-27 00:00:10
Data Analyst,KPA,Remote,70000,115000,2025-04-26 16:00:02
React + Node Developer Web Applications,Oowlish Technology,World Wide,60000,82500,2025-04-26 00:00:05
Photo Editor,PlayOn,"Alpharetta, GA",35000,75000,2025-04-25 22:00:02
DevOps Engineer Staking,Crypto.com,World Wide,60000,82500,2025-04-25 13:00:01
Business Operations Administrator,Anagram,Anywhere,30000,70000,2025-04-25 12:00:04
Project Coordinator,Lead Bank,Remote,70000,122500,2025-04-24 19:00:12
Associate Program Manager,Lead Bank,Remote,70000,122500,2025-04-24 19:00:02
Venture Capital Social Media Manager,VC Lab,Palo Alto,60000,81250,2025-04-24 10:00:03
Manager Maintenance,Commonwealth Fusion Systems,"Devens, MA",95000,122500,2025-04-24 08:01:19
Implementation Specialist,SpryPoint,USA,67500,100000,2025-04-24 08:00:31
Senior Full Stack Developer,Zammad,World Wide,40000,80000,2025-04-24 07:52:28
Senior Software Engineer KSPM,Cast AI,World Wide,70000,120000,2025-04-23 18:15:05
Software Engineer III,Jack Henry,World Wide,55000,100000,2025-04-23 18:15:04
Software Engineer Infrastructure,Gauntlet,New York City / San Francisco / Los Angeles / Remote,60000,80000,2025-04-23 14:00:28
Software Engineer Data,Gauntlet,New York City / San Francisco / Los Angeles / Remote,70000,120000,2025-04-23 10:00:17
Software Engineer III Frontend,Shippo,United States,75000,120000,2025-04-23 08:01:41
HQ Senior Frontend Engineer,Job&amp;Talent,"Madrid HQ, ES",70000,120000,2025-04-23 08:01:34
Software Engineer Microservices,Kong,Toronto,62500,85000,2025-04-23 08:01:13
Product Manager,Nextech,Remote,37500,70000,2025-04-23 08:00:49
Brand Designer,Contra,World Wide,150000,150000,2025-04-22 19:49:20
Motion Designer,Contra,World Wide,150000,150000,2025-04-22 19:43:05
Web Developer,Contra,World Wide,150000,150000,2025-04-22 19:41:39
Senior Fullstack Engineer,MoonPay,World Wide,67500,97500,2025-04-22 12:00:02
Senior React Full stack Developer,Lemon.io,World Wide,60000,81250,2025-04-22 10:17:31
Lead Product Designer,Stealth,World Wide,60000,180000,2025-04-21 21:44:22
Technical Product Manager Developer Platform,TrueML,Remote in USA,62500,87500,2025-04-21 18:00:07
DeFi Researcher,Gauntlet,New York City / San Francisco / Los Angeles / Remote,40000,80000,2025-04-21 13:00:02
Customer Support Representative,Anagram,"Austin, TX",30000,55000,2025-04-21 11:00:01
Accountant I Colombia,Proper,Colombia Remote,40000,65000,2025-04-21 00:03:21
National Account Manager U.S,JuneShine Brands,Remote U.S.,40000,70000,2025-04-21 00:03:13
Onboarding Specialist Philippines,Hostaway,World Wide,42500,62500,2025-04-21 00:03:07
Sleep Consultant,Huckleberry Labs,"Los Angeles, CA",150000,150000,2025-04-21 00:03:00
Account Executive possible,PlaytestCloud GmbH,World Wide,60000,80000,2025-04-21 00:02:51
Copywriter Health,webfx.com,South Africa,45000,65000,2025-04-21 00:02:42
Technical Customer Support Specialist,ShareCRF,World Wide,102500,125000,2025-04-21 00:02:09
English Linguist,TransPerfect,World Wide,30000,70000,2025-04-21 00:01:29
Director Product,Dscout,United States,47500,72500,2025-04-21 00:01:11
Shipping Experience Assistant (she he they LATAM Based,Trafilea,World Wide,60000,81250,2025-04-21 00:00:24
WEBTOON 2D Animator,WEBTOON Entertainment Inc. (Wattpad &amp; WEBTOON Family of Brands),Remote - US,65000,90000,2025-04-20 22:00:02
DevOps Engineer,ScaleTech,Remote,65000,85000,2025-04-20 20:00:03
Senior Software Developer HPC Cluster Management,2100 NVIDIA USA,"US, CA, Santa Clara",60000,110000,2025-04-20 16:00:05
Administrative Executive,Prime Design & Build,World Wide,10000,50000,2025-04-19 14:29:22
Principal Software Engineer,Shippo,United States,65000,120000,2025-04-19 13:00:02
Paralegal,EF LAW FIRM,World Wide,10000,20000,2025-04-19 04:53:25
Staff Backend Engineer,Dapper Labs,"US / Canada, Remote",70000,90000,2025-04-18 13:00:06
Software Engineer,Serotonin,World Wide,70000,120000,2025-04-17 14:00:02
Solidity Engineer Smart Contracts Engineer,Sei Labs,World Wide,55000,100000,2025-04-17 09:00:04
ASF Infrastructure Sysadmin,The Apache Software Foundation,World Wide,70000,90000,2025-04-17 00:16:10
Back End Developer Winna.com,Winna,World Wide,40000,80000,2025-04-16 14:13:53
Product Designer,1inch,Dubai Office,95000,130000,2025-04-16 12:00:02
Sales Development Representative,Heron Finance,World Wide,55000,70000,2025-04-16 09:00:03
Senior Product Designer,Doxel,Remote,80000,122500,2025-04-15 19:00:06
Implementation Project Manager,Symplast,World Wide,30000,50000,2025-04-15 16:01:07
Customer Support Representative,Anagram,"Denver, CO",40000,70000,2025-04-15 16:00:07
Symplast Forms Specialist Patient Intake Customizations,Symplast,World Wide,30000,30000,2025-04-15 15:27:45
Data Migration Specialist Data Import & Export,Symplast,World Wide,30000,40000,2025-04-15 14:53:49
Data Research Intern,RainFocus,"Lehi, Utah",35000,60000,2025-04-15 13:00:42
Technical Consultant,Contra,World Wide,150000,150000,2025-04-14 22:14:58
Influencer Marketing Manager,Contra,World Wide,60000,80000,2025-04-14 22:11:52
3D Logo Designer,Contra,World Wide,150000,180000,2025-04-14 22:08:04
Staff Software Engineer Metrics US,Weights &amp; Biases,"San Francisco, California",60000,80000,2025-04-14 18:00:13
Kubernetes Engineer,"00100 LEIDOS, INC.",6314 Remote/Teleworker US,60000,80000,2025-04-14 18:00:04
Guest Support Agent,HostGenius,World Wide,20000,20000,2025-04-12 21:59:38
Account Executive France,Hostaway,World Wide,47500,70000,2025-04-12 16:03:21
Operator,Einride,Austin,40000,80000,2025-04-12 16:03:13
High School Humanities Expert within U.S,Sora Schools,"Atlanta, GA",60000,81250,2025-04-12 16:02:44
Customer Support Specialist French &amp; German Speaking from France,Aircall,Remote EMEA,47500,70000,2025-04-12 16:02:34
Product Marketing Manager,AllTrails,Remote,30000,60000,2025-04-12 16:02:21
Tech Lead Data,Zensurance,"Toronto, ON",80000,120000,2025-04-12 16:02:02
Senior Software Engineer,Emergent Software,World Wide,67500,100000,2025-04-12 16:01:56
Senior Product Designer Europe,Hostaway,World Wide,72500,105000,2025-04-12 16:01:48
Norwegian Content Creator,TransPerfect,World Wide,60000,81250,2025-04-12 16:01:33
Engagement Manager Professional Services CST,Kong,"Dallas, TX",57500,75000,2025-04-12 16:01:25
Sales Development Representative,Dscout,United States,42500,60000,2025-04-12 16:01:15
Full Stack Developer,RainFocus,Any State,40000,80000,2025-04-12 16:00:47
Senior Experience Designer,Age of Learning ,United States,60000,90000,2025-04-12 16:00:33
Live English Transcriptionist,TransPerfect,World Wide,60000,81250,2025-04-12 16:00:19
Head of Product Design,Notabene,World Wide,35000,65000,2025-04-11 14:00:02
Head of Customer Growth Americas,Immutable,AMER,40000,80000,2025-04-11 11:00:03
BACKEND AND INFRA ENGINEER,THE BIZ CONQUEST,World Wide,10000,50000,2025-04-11 00:03:35
Junior Accountant,The Joseph Group,World Wide,20000,20000,2025-04-10 14:42:05
Business Development Lead,Anchorage Digital,United States,55000,80000,2025-04-10 09:00:02
Marketing & Sales Assistant,Weber & Co,World Wide,20000,50000,2025-04-09 23:39:01
Javascript Fullstack Engineer Senior,Lumenalta,World Wide,50000,90000,2025-04-09 20:31:20
Senior Software Engineer,SlideSpeak AI,World Wide,80000,120000,2025-04-09 15:29:12
